,Accession ID,Collection date,Submission date,Location,region,country,state,county
0,EPI_ISL_6590782,2021-11-13,2021-11-22,Asia / Hong Kong,Asia,Hong Kong,,
1,EPI_ISL_6640916,2021-11-11,2021-11-23,Africa / Botswana / South East / Greater Gaborone / Gaborone,Africa,Botswana,South East,Greater Gaborone
2,EPI_ISL_6640917,2021-11-11,2021-11-23,Africa / Botswana / South East / Greater Gaborone / Gaborone,Africa,Botswana,South East,Greater Gaborone
3,EPI_ISL_6640919,2021-11-11,2021-11-23,Africa / Botswana / South East / Greater Gaborone / Gaborone,Africa,Botswana,South East,Greater Gaborone
4,EPI_ISL_6647956,2021-11-14,2021-11-23,Africa / South Africa / Gauteng,Africa,South Africa,Gauteng,
5,EPI_ISL_6647957,2021-11-15,2021-11-23,Africa / South Africa / Gauteng,Africa,South Africa,Gauteng,
6,EPI_ISL_6647958,2021-11-16,2021-11-23,Africa / South Africa / Gauteng,Africa,South Africa,Gauteng,
7,EPI_ISL_6647959,2021-11-16,2021-11-23,Africa / South Africa / Gauteng,Africa,South Africa,Gauteng,
8,EPI_ISL_6647960,2021-11-15,2021-11-23,Africa / South Africa / Gauteng,Africa,South Africa,Gauteng,
9,EPI_ISL_6647961,2021-11-15,2021-11-23,Africa / South Africa / Gauteng,Africa,South Africa,Gauteng,
10,EPI_ISL_6647962,2021-11-16,2021-11-23,Africa / South Africa / Gauteng,Africa,South Africa,Gauteng,
11,EPI_ISL_6670244,2021-11-11,2021-11-24,Africa / Botswana / South East / Greater Gaborone / Gaborone,Africa,Botswana,South East,Greater Gaborone
12,EPI_ISL_6698790,2021-11-18,2021-11-25,Asia / Hong Kong,Asia,Hong Kong,,
13,EPI_ISL_6698792,2021-11-15,2021-11-25,Africa / South Africa / Gauteng,Africa,South Africa,Gauteng,
14,EPI_ISL_6699728,2021-11-17,2021-11-25,Africa / South Africa / Gauteng / City of Johannesburg Metro Region F,Africa,South Africa,Gauteng,City of Johannesburg Metro Region F
15,EPI_ISL_6699729,2021-11-17,2021-11-25,Africa / South Africa / Gauteng / City of Johannesburg Metro Region F,Africa,South Africa,Gauteng,City of Johannesburg Metro Region F
16,EPI_ISL_6699730,2021-11-17,2021-11-25,Africa / South Africa / Gauteng / City of Johannesburg Metro Region E,Africa,South Africa,Gauteng,City of Johannesburg Metro Region E
17,EPI_ISL_6699731,2021-11-16,2021-11-25,Africa / South Africa / Gauteng / City of Johannesburg Metro Region B,Africa,South Africa,Gauteng,City of Johannesburg Metro Region B
18,EPI_ISL_6699732,2021-11-15,2021-11-25,Africa / South Africa / Gauteng / City of Johannesburg Metro Region F,Africa,South Africa,Gauteng,City of Johannesburg Metro Region F
19,EPI_ISL_6699733,2021-11-15,2021-11-25,Africa / South Africa / Gauteng / City of Johannesburg Metro Region C,Africa,South Africa,Gauteng,City of Johannesburg Metro Region C
20,EPI_ISL_6699734,2021-11-14,2021-11-25,Africa / South Africa / Gauteng / City of Johannesburg Metro Region F,Africa,South Africa,Gauteng,City of Johannesburg Metro Region F
21,EPI_ISL_6699735,2021-11-15,2021-11-25,Africa / South Africa / Gauteng / City of Johannesburg Metro Region F,Africa,South Africa,Gauteng,City of Johannesburg Metro Region F
22,EPI_ISL_6699736,2021-11-16,2021-11-25,Africa / South Africa / Gauteng / City of Johannesburg Metro Region A,Africa,South Africa,Gauteng,City of Johannesburg Metro Region A
23,EPI_ISL_6699737,2021-11-16,2021-11-25,Africa / South Africa / Gauteng / City of Johannesburg Metro Region C,Africa,South Africa,Gauteng,City of Johannesburg Metro Region C
24,EPI_ISL_6699738,2021-11-17,2021-11-25,Africa / South Africa / Gauteng / City of Johannesburg Metro Region F,Africa,South Africa,Gauteng,City of Johannesburg Metro Region F
25,EPI_ISL_6699739,2021-11-18,2021-11-25,Africa / South Africa / Gauteng / City of Johannesburg Metro Region F,Africa,South Africa,Gauteng,City of Johannesburg Metro Region F
26,EPI_ISL_6699740,2021-11-18,2021-11-25,Africa / South Africa / Gauteng / City of Johannesburg Metro Region F,Africa,South Africa,Gauteng,City of Johannesburg Metro Region F
27,EPI_ISL_6699741,2021-11-18,2021-11-25,Africa / South Africa / Gauteng / City of Johannesburg Metro Region C,Africa,South Africa,Gauteng,City of Johannesburg Metro Region C
28,EPI_ISL_6699742,2021-11-18,2021-11-25,Africa / South Africa / Gauteng / Sedibeng,Africa,South Africa,Gauteng,Sedibeng
29,EPI_ISL_6699743,2021-11-18,2021-11-25,Africa / South Africa / Gauteng / City of Johannesburg Metro Region A,Africa,South Africa,Gauteng,City of Johannesburg Metro Region A
30,EPI_ISL_6699744,2021-11-17,2021-11-25,Africa / South Africa / Gauteng / Sedibeng,Africa,South Africa,Gauteng,Sedibeng
31,EPI_ISL_6699745,2021-11-19,2021-11-25,Africa / South Africa / Gauteng / City of Johannesburg Metro Region F,Africa,South Africa,Gauteng,City of Johannesburg Metro Region F
32,EPI_ISL_6699746,2021-11-17,2021-11-25,Africa / South Africa / Gauteng / City of Johannesburg Metro Region B,Africa,South Africa,Gauteng,City of Johannesburg Metro Region B
33,EPI_ISL_6699747,2021-11-19,2021-11-25,Africa / South Africa / Gauteng / City of Johannesburg Metro Region F,Africa,South Africa,Gauteng,City of Johannesburg Metro Region F
34,EPI_ISL_6699748,2021-11-19,2021-11-25,Africa / South Africa / Gauteng / City of Johannesburg Metro Region F,Africa,South Africa,Gauteng,City of Johannesburg Metro Region F
35,EPI_ISL_6699749,2021-11-19,2021-11-25,Africa / South Africa / Gauteng / City of Johannesburg Metro Region E,Africa,South Africa,Gauteng,City of Johannesburg Metro Region E
36,EPI_ISL_6699750,2021-11-19,2021-11-25,Africa / South Africa / Gauteng / City of Johannesburg Metro Region F,Africa,South Africa,Gauteng,City of Johannesburg Metro Region F
37,EPI_ISL_6699751,2021-11-19,2021-11-25,Africa / South Africa / Gauteng / City of Johannesburg Metro Region B,Africa,South Africa,Gauteng,City of Johannesburg Metro Region B
38,EPI_ISL_6699752,2021-11-19,2021-11-25,Africa / South Africa / Gauteng / City of Johannesburg Metro Region F,Africa,South Africa,Gauteng,City of Johannesburg Metro Region F
39,EPI_ISL_6699753,2021-11-19,2021-11-25,Africa / South Africa / Gauteng / City of Johannesburg Metro Region C,Africa,South Africa,Gauteng,City of Johannesburg Metro Region C
40,EPI_ISL_6699754,2021-11-19,2021-11-25,Africa / South Africa / Gauteng / City of Johannesburg Metro Region E,Africa,South Africa,Gauteng,City of Johannesburg Metro Region E
41,EPI_ISL_6699755,2021-11-22,2021-11-25,Africa / South Africa / Gauteng / City of Johannesburg Metro Region E,Africa,South Africa,Gauteng,City of Johannesburg Metro Region E
42,EPI_ISL_6699756,2021-11-22,2021-11-25,Africa / South Africa / Gauteng / City of Johannesburg Metro Region F,Africa,South Africa,Gauteng,City of Johannesburg Metro Region F
43,EPI_ISL_6699757,2021-11-22,2021-11-25,Africa / South Africa / Gauteng / City of Johannesburg Metro,Africa,South Africa,Gauteng,City of Johannesburg Metro
44,EPI_ISL_6699758,2021-11-21,2021-11-25,Africa / South Africa / Gauteng / City of Johannesburg Metro Region E,Africa,South Africa,Gauteng,City of Johannesburg Metro Region E
45,EPI_ISL_6699759,2021-11-22,2021-11-25,Africa / South Africa / Gauteng / City of Johannesburg Metro Region F,Africa,South Africa,Gauteng,City of Johannesburg Metro Region F
46,EPI_ISL_6699760,2021-11-22,2021-11-25,Africa / South Africa / Gauteng / City of Johannesburg Metro Region F,Africa,South Africa,Gauteng,City of Johannesburg Metro Region F
47,EPI_ISL_6699761,2021-11-20,2021-11-25,Africa / South Africa / Gauteng / City of Johannesburg Metro Region E,Africa,South Africa,Gauteng,City of Johannesburg Metro Region E
48,EPI_ISL_6699762,2021-11-20,2021-11-25,Africa / South Africa / Gauteng / City of Johannesburg Metro Region E,Africa,South Africa,Gauteng,City of Johannesburg Metro Region E
49,EPI_ISL_6699763,2021-11-20,2021-11-25,Africa / South Africa / Gauteng / City of Johannesburg Metro Region E,Africa,South Africa,Gauteng,City of Johannesburg Metro Region E
50,EPI_ISL_6699764,2021-11-20,2021-11-25,Africa / South Africa / Gauteng / City of Johannesburg Metro Region E,Africa,South Africa,Gauteng,City of Johannesburg Metro Region E
51,EPI_ISL_6699765,2021-11-20,2021-11-25,Africa / South Africa / Gauteng / City of Johannesburg Metro Region E,Africa,South Africa,Gauteng,City of Johannesburg Metro Region E
52,EPI_ISL_6699766,2021-11-19,2021-11-25,Africa / South Africa / Gauteng / Sedibeng,Africa,South Africa,Gauteng,Sedibeng
53,EPI_ISL_6699767,2021-11-21,2021-11-25,Africa / South Africa / Gauteng / City of Johannesburg Metro Region E,Africa,South Africa,Gauteng,City of Johannesburg Metro Region E
54,EPI_ISL_6699768,2021-11-22,2021-11-25,Africa / South Africa / Gauteng / City of Johannesburg Metro Region F,Africa,South Africa,Gauteng,City of Johannesburg Metro Region F
55,EPI_ISL_6699769,2021-11-22,2021-11-25,Africa / South Africa / Gauteng / City of Johannesburg Metro Region E,Africa,South Africa,Gauteng,City of Johannesburg Metro Region E
56,EPI_ISL_6699770,2021-11-22,2021-11-25,Africa / South Africa / Gauteng / City of Johannesburg Metro Region F,Africa,South Africa,Gauteng,City of Johannesburg Metro Region F
57,EPI_ISL_6699771,2021-11-22,2021-11-25,Africa / South Africa / Gauteng / City of Johannesburg Metro Region E,Africa,South Africa,Gauteng,City of Johannesburg Metro Region E
58,EPI_ISL_6704864,2021-11-20,2021-11-25,Africa / South Africa / Gauteng,Africa,South Africa,Gauteng,
59,EPI_ISL_6704867,2021-11-20,2021-11-25,Africa / South Africa / Gauteng,Africa,South Africa,Gauteng,
60,EPI_ISL_6704870,2021-11-20,2021-11-25,Africa / South Africa / Gauteng,Africa,South Africa,Gauteng,
61,EPI_ISL_6704871,2021-11-20,2021-11-25,Africa / South Africa / Gauteng,Africa,South Africa,Gauteng,
62,EPI_ISL_6704872,2021-11-20,2021-11-25,Africa / South Africa / Gauteng,Africa,South Africa,Gauteng,
63,EPI_ISL_6704873,2021-11-20,2021-11-25,Africa / South Africa / Gauteng,Africa,South Africa,Gauteng,
64,EPI_ISL_6704874,2021-11-20,2021-11-25,Africa / South Africa / Gauteng,Africa,South Africa,Gauteng,
65,EPI_ISL_6704875,2021-11-20,2021-11-25,Africa / South Africa / Gauteng,Africa,South Africa,Gauteng,
66,EPI_ISL_6716890,2021-11-20,2021-11-25,Asia / Hong Kong,Asia,Hong Kong,,
67,EPI_ISL_6716902,2021-11-15,2021-11-25,Asia / Hong Kong,Asia,Hong Kong,,
68,EPI_ISL_6752026,2021-11-11,2021-11-25,Africa / Botswana / Lobatse,Africa,Botswana,Lobatse,
69,EPI_ISL_6752027,2021-11-21,2021-11-25,Africa / Botswana / Gaborone,Africa,Botswana,Gaborone,
70,EPI_ISL_6774081,2021-11-23,2021-11-26,Africa / Botswana / Gaborone,Africa,Botswana,Gaborone,
71,EPI_ISL_6774082,2021-11-21,2021-11-26,Africa / Botswana / Palapye,Africa,Botswana,Palapye,
72,EPI_ISL_6774083,2021-11-23,2021-11-26,Africa / Botswana / Gaborone,Africa,Botswana,Gaborone,
73,EPI_ISL_6774084,2021-11-22,2021-11-26,Africa / Botswana / Gaborone,Africa,Botswana,Gaborone,
74,EPI_ISL_6774085,2021-11-23,2021-11-26,Africa / Botswana / Gaborone,Africa,Botswana,Gaborone,
75,EPI_ISL_6774086,2021-11-21,2021-11-26,Africa / Botswana / Palapye,Africa,Botswana,Palapye,
76,EPI_ISL_6774087,2021-11-23,2021-11-26,Africa / Botswana / Gaborone,Africa,Botswana,Gaborone,
77,EPI_ISL_6774088,2021-11-23,2021-11-26,Africa / Botswana / Gaborone,Africa,Botswana,Gaborone,
78,EPI_ISL_6774089,2021-11-22,2021-11-26,Africa / Botswana / Gaborone,Africa,Botswana,Gaborone,
79,EPI_ISL_6774090,2021-11-23,2021-11-26,Africa / Botswana / Gaborone,Africa,Botswana,Gaborone,
80,EPI_ISL_6774091,2021-11-23,2021-11-26,Africa / Botswana / Gaborone,Africa,Botswana,Gaborone,
81,EPI_ISL_6774092,2021-11-17,2021-11-26,Africa / Botswana / Palapye,Africa,Botswana,Palapye,
82,EPI_ISL_6774093,2021-11-23,2021-11-26,Africa / Botswana / Gaborone,Africa,Botswana,Gaborone,
83,EPI_ISL_6777160,2021-11-22,2021-11-26,Europe / Italy / Lombardia,Europe,Italy,Lombardia,
84,EPI_ISL_6782043,2021-11-15,2021-11-26,Africa / South Africa / Gauteng / City of Johannesburg Metro Region C,Africa,South Africa,Gauteng,City of Johannesburg Metro Region C
85,EPI_ISL_6782055,2021-11-18,2021-11-26,Africa / South Africa / Gauteng / Sedibeng,Africa,South Africa,Gauteng,Sedibeng
86,EPI_ISL_6782056,2021-11-18,2021-11-26,Africa / South Africa / Gauteng / City of Johannesburg Metro Region C,Africa,South Africa,Gauteng,City of Johannesburg Metro Region C
87,EPI_ISL_6782071,2021-11-19,2021-11-26,Africa / South Africa / Gauteng / City of Johannesburg Metro Region E,Africa,South Africa,Gauteng,City of Johannesburg Metro Region E
88,EPI_ISL_6782079,2021-11-19,2021-11-26,Africa / South Africa / Gauteng / City of Johannesburg Metro,Africa,South Africa,Gauteng,City of Johannesburg Metro
89,EPI_ISL_6782080,2021-11-19,2021-11-26,Africa / South Africa / Gauteng / City of Johannesburg Metro Region B,Africa,South Africa,Gauteng,City of Johannesburg Metro Region B
90,EPI_ISL_6782084,2021-11-22,2021-11-26,Africa / South Africa / Gauteng / City of Johannesburg Metro Region F,Africa,South Africa,Gauteng,City of Johannesburg Metro Region F
91,EPI_ISL_6782090,2021-11-19,2021-11-26,Africa / South Africa / Gauteng / City of Johannesburg Metro Region F,Africa,South Africa,Gauteng,City of Johannesburg Metro Region F
92,EPI_ISL_6782092,2021-11-22,2021-11-26,Africa / South Africa / Gauteng / City of Johannesburg Metro Region F,Africa,South Africa,Gauteng,City of Johannesburg Metro Region F
93,EPI_ISL_6794907,2021-11-24,2021-11-27,Europe / Belgium / Sint-Pieters-Leeuw,Europe,Belgium,Sint-Pieters-Leeuw,
94,EPI_ISL_6795188,2021-11-12,2021-11-27,Africa / South Africa / Gauteng,Africa,South Africa,Gauteng,
95,EPI_ISL_6795189,2021-11-12,2021-11-27,Africa / South Africa / Gauteng,Africa,South Africa,Gauteng,
96,EPI_ISL_6795190,2021-11-12,2021-11-27,Africa / South Africa / Gauteng,Africa,South Africa,Gauteng,
97,EPI_ISL_6795191,2021-11-11,2021-11-27,Africa / South Africa / Gauteng,Africa,South Africa,Gauteng,
98,EPI_ISL_6795192,2021-11-09,2021-11-27,Africa / South Africa / Gauteng,Africa,South Africa,Gauteng,
99,EPI_ISL_6795193,2021-11-12,2021-11-27,Africa / South Africa / Gauteng,Africa,South Africa,Gauteng,
100,EPI_ISL_6795195,2021-11-19,2021-11-27,Africa / South Africa / KwaZulu-Natal,Africa,South Africa,KwaZulu-Natal,
101,EPI_ISL_6795199,2021-11-19,2021-11-27,Africa / South Africa / KwaZulu-Natal,Africa,South Africa,KwaZulu-Natal,
102,EPI_ISL_6795202,2021-11-22,2021-11-27,Africa / South Africa / KwaZulu-Natal,Africa,South Africa,KwaZulu-Natal,
103,EPI_ISL_6795212,2021-11-20,2021-11-27,Asia / Israel,Asia,Israel,,
104,EPI_ISL_6795406,2021-11-23,2021-11-27,Africa / South Africa / KwaZulu-Natal,Africa,South Africa,KwaZulu-Natal,
105,EPI_ISL_6795833,2021-11-17,2021-11-27,Africa / South Africa / Gauteng / Tshwane,Africa,South Africa,Gauteng,Tshwane
106,EPI_ISL_6795835,2021-11-17,2021-11-27,Africa / South Africa / Gauteng / Tshwane,Africa,South Africa,Gauteng,Tshwane
107,EPI_ISL_6795836,2021-11-17,2021-11-27,Africa / South Africa / Gauteng / Tshwane,Africa,South Africa,Gauteng,Tshwane
108,EPI_ISL_6795837,2021-11-16,2021-11-27,Africa / South Africa / Gauteng / Tshwane,Africa,South Africa,Gauteng,Tshwane
109,EPI_ISL_6795838,2021-11-16,2021-11-27,Africa / South Africa / Gauteng / Tshwane,Africa,South Africa,Gauteng,Tshwane
110,EPI_ISL_6795839,2021-11-16,2021-11-27,Africa / South Africa / Gauteng / Tshwane,Africa,South Africa,Gauteng,Tshwane
111,EPI_ISL_6795840,2021-11-16,2021-11-27,Africa / South Africa / Gauteng / Tshwane,Africa,South Africa,Gauteng,Tshwane
112,EPI_ISL_6795841,2021-11-16,2021-11-27,Africa / South Africa / Gauteng / Tshwane,Africa,South Africa,Gauteng,Tshwane
113,EPI_ISL_6795842,2021-11-16,2021-11-27,Africa / South Africa / Gauteng / Tshwane,Africa,South Africa,Gauteng,Tshwane
114,EPI_ISL_6795844,2021-11-16,2021-11-27,Africa / South Africa / Gauteng / Tshwane,Africa,South Africa,Gauteng,Tshwane
115,EPI_ISL_6795845,2021-11-16,2021-11-27,Africa / South Africa / Gauteng / Tshwane,Africa,South Africa,Gauteng,Tshwane
116,EPI_ISL_6795846,2021-11-15,2021-11-27,Africa / South Africa / Gauteng / Tshwane,Africa,South Africa,Gauteng,Tshwane
117,EPI_ISL_6795847,2021-11-15,2021-11-27,Africa / South Africa / Gauteng / Tshwane,Africa,South Africa,Gauteng,Tshwane
118,EPI_ISL_6795848,2021-11-15,2021-11-27,Africa / South Africa / Gauteng / Tshwane,Africa,South Africa,Gauteng,Tshwane
119,EPI_ISL_6795849,2021-11-15,2021-11-27,Africa / South Africa / Gauteng / Tshwane,Africa,South Africa,Gauteng,Tshwane
120,EPI_ISL_6795850,2021-11-13,2021-11-27,Africa / South Africa / Gauteng / Tshwane,Africa,South Africa,Gauteng,Tshwane
121,EPI_ISL_6810482,2021-11-17,2021-11-27,Africa / South Africa / Gauteng,Africa,South Africa,Gauteng,
122,EPI_ISL_6810483,2021-11-16,2021-11-27,Africa / South Africa / Gauteng,Africa,South Africa,Gauteng,
123,EPI_ISL_6810484,2021-11-19,2021-11-27,Africa / South Africa / Gauteng,Africa,South Africa,Gauteng,
124,EPI_ISL_6810485,2021-11-22,2021-11-27,Africa / South Africa / Gauteng,Africa,South Africa,Gauteng,
125,EPI_ISL_6810487,2021-11-22,2021-11-27,Africa / South Africa / Gauteng,Africa,South Africa,Gauteng,
126,EPI_ISL_6814922,2021-11-27,2021-11-28,Oceania / Australia / New South Wales / Sydney,Oceania,Australia,New South Wales,Sydney
127,EPI_ISL_6814923,2021-11-27,2021-11-28,Oceania / Australia / New South Wales / Sydney,Oceania,Australia,New South Wales,Sydney
128,EPI_ISL_6818284,2021-11-21,2021-11-28,Europe / United Kingdom / England,Europe,United Kingdom,England,
129,EPI_ISL_6821008,2021-11-20,2021-11-28,Europe / United Kingdom / England,Europe,United Kingdom,England,
130,EPI_ISL_6825389,2021-11-17,2021-11-28,Africa / South Africa / Gauteng / Tshwane,Africa,South Africa,Gauteng,Tshwane
131,EPI_ISL_6825390,2021-11-17,2021-11-28,Africa / South Africa / Gauteng / Tshwane,Africa,South Africa,Gauteng,Tshwane
132,EPI_ISL_6825391,2021-11-16,2021-11-28,Africa / South Africa / Gauteng / Tshwane,Africa,South Africa,Gauteng,Tshwane
133,EPI_ISL_6825392,2021-11-16,2021-11-28,Africa / South Africa / Gauteng / Tshwane,Africa,South Africa,Gauteng,Tshwane
134,EPI_ISL_6825393,2021-11-16,2021-11-28,Africa / South Africa / Gauteng / Tshwane,Africa,South Africa,Gauteng,Tshwane
135,EPI_ISL_6825394,2021-11-16,2021-11-28,Africa / South Africa / Gauteng / Tshwane,Africa,South Africa,Gauteng,Tshwane
136,EPI_ISL_6825395,2021-11-16,2021-11-28,Africa / South Africa / Gauteng / Tshwane,Africa,South Africa,Gauteng,Tshwane
137,EPI_ISL_6825396,2021-11-16,2021-11-28,Africa / South Africa / Gauteng / Tshwane,Africa,South Africa,Gauteng,Tshwane
138,EPI_ISL_6825397,2021-11-16,2021-11-28,Africa / South Africa / Gauteng / Tshwane,Africa,South Africa,Gauteng,Tshwane
139,EPI_ISL_6825398,2021-11-14,2021-11-28,Africa / South Africa / Gauteng / Tshwane,Africa,South Africa,Gauteng,Tshwane
140,EPI_ISL_6825546,2021-11-28,2021-11-28,Europe / Austria / Tyrol / Schwaz / Vomp,Europe,Austria,Tyrol,Schwaz
141,EPI_ISL_6825551,2021-11-26,2021-11-28,Oceania / Australia / Northern Territory,Oceania,Australia,Northern Territory,
142,EPI_ISL_6826713,2021-11-23,2021-11-29,North America / Canada / Ontario,North America,Canada,Ontario,
143,EPI_ISL_6826714,2021-11-23,2021-11-29,North America / Canada / Ontario,North America,Canada,Ontario,
144,EPI_ISL_6829575,2021-11-28,2021-11-29,Oceania / Australia / New South Wales / Sydney,Oceania,Australia,New South Wales,Sydney
145,EPI_ISL_6829577,2021-11-28,2021-11-29,Oceania / Australia / New South Wales / Sydney,Oceania,Australia,New South Wales,Sydney
146,EPI_ISL_6832108,2021-11-26,2021-11-29,Asia / Hong Kong,Asia,Hong Kong,,
147,EPI_ISL_6832737,2021-11-26,2021-11-29,Europe / Germany / Hesse,Europe,Germany,Hesse,
148,EPI_ISL_6833884,2021-11-22,2021-11-29,Europe / United Kingdom / England,Europe,United Kingdom,England,
149,EPI_ISL_6834467,2021-11-22,2021-11-29,Europe / United Kingdom / England,Europe,United Kingdom,England,
150,EPI_ISL_6841607,2021-11-26,2021-11-29,Europe / Netherlands / Noord-Holland,Europe,Netherlands,Noord-Holland,
151,EPI_ISL_6841608,2021-11-26,2021-11-29,Europe / Netherlands / Noord-Holland,Europe,Netherlands,Noord-Holland,
152,EPI_ISL_6841609,2021-11-26,2021-11-29,Europe / Netherlands / Noord-Holland,Europe,Netherlands,Noord-Holland,
153,EPI_ISL_6841610,2021-11-26,2021-11-29,Europe / Netherlands / Noord-Holland,Europe,Netherlands,Noord-Holland,
154,EPI_ISL_6841611,2021-11-26,2021-11-29,Europe / Netherlands / Noord-Holland,Europe,Netherlands,Noord-Holland,
155,EPI_ISL_6841612,2021-11-26,2021-11-29,Europe / Netherlands / Noord-Holland,Europe,Netherlands,Noord-Holland,
156,EPI_ISL_6841613,2021-11-26,2021-11-29,Europe / Netherlands / Noord-Holland,Europe,Netherlands,Noord-Holland,
157,EPI_ISL_6841614,2021-11-26,2021-11-29,Europe / Netherlands / Noord-Holland,Europe,Netherlands,Noord-Holland,
158,EPI_ISL_6841615,2021-11-26,2021-11-29,Europe / Netherlands / Noord-Holland,Europe,Netherlands,Noord-Holland,
159,EPI_ISL_6841616,2021-11-26,2021-11-29,Europe / Netherlands / Noord-Holland,Europe,Netherlands,Noord-Holland,
160,EPI_ISL_6841617,2021-11-26,2021-11-29,Europe / Netherlands / Noord-Holland,Europe,Netherlands,Noord-Holland,
161,EPI_ISL_6841618,2021-11-26,2021-11-29,Europe / Netherlands / Noord-Holland,Europe,Netherlands,Noord-Holland,
162,EPI_ISL_6841619,2021-11-26,2021-11-29,Europe / Netherlands / Noord-Holland,Europe,Netherlands,Noord-Holland,
163,EPI_ISL_6841980,2021-11-14,2021-11-29,Asia / Hong Kong,Asia,Hong Kong,,
164,EPI_ISL_6841981,2021-11-21,2021-11-29,Asia / Hong Kong,Asia,Hong Kong,,
165,EPI_ISL_6842152,2021-11-17,2021-11-29,Africa / South Africa / Western Cape Province / Cape Town Metro,Africa,South Africa,Western Cape Province,Cape Town Metro
166,EPI_ISL_6842154,2021-11-22,2021-11-29,Africa / South Africa / Western Cape Province / Cape Town Metro,Africa,South Africa,Western Cape Province,Cape Town Metro
167,EPI_ISL_6842155,2021-11-22,2021-11-29,Africa / South Africa / Western Cape Province / Cape Town Metro,Africa,South Africa,Western Cape Province,Cape Town Metro
168,EPI_ISL_6842156,2021-11-21,2021-11-29,Africa / South Africa / Western Cape Province / Cape Town Metro,Africa,South Africa,Western Cape Province,Cape Town Metro
169,EPI_ISL_6842157,2021-11-25,2021-11-29,Africa / South Africa / Western Cape Province / Cape Town Metro,Africa,South Africa,Western Cape Province,Cape Town Metro
170,EPI_ISL_6842158,2021-11-23,2021-11-29,Africa / South Africa / Western Cape Province / Cape Town Metro,Africa,South Africa,Western Cape Province,Cape Town Metro
171,EPI_ISL_6842159,2021-11-24,2021-11-29,Africa / South Africa / Western Cape Province / Cape Town Metro,Africa,South Africa,Western Cape Province,Cape Town Metro
172,EPI_ISL_6842160,2021-11-19,2021-11-29,Africa / South Africa / Western Cape Province / Cape Town Metro,Africa,South Africa,Western Cape Province,Cape Town Metro
173,EPI_ISL_6842161,2021-11-19,2021-11-29,Africa / South Africa / Western Cape Province / Cape Town Metro,Africa,South Africa,Western Cape Province,Cape Town Metro
174,EPI_ISL_6842162,2021-11-24,2021-11-29,Africa / South Africa / Western Cape Province / Cape Town Metro,Africa,South Africa,Western Cape Province,Cape Town Metro
175,EPI_ISL_6842163,2021-11-22,2021-11-29,Africa / South Africa / Western Cape Province / Cape Town Metro,Africa,South Africa,Western Cape Province,Cape Town Metro
176,EPI_ISL_6842164,2021-11-22,2021-11-29,Africa / South Africa / Western Cape Province / Cape Town Metro,Africa,South Africa,Western Cape Province,Cape Town Metro
177,EPI_ISL_6842165,2021-11-24,2021-11-29,Africa / South Africa / Western Cape Province / Cape Town Metro,Africa,South Africa,Western Cape Province,Cape Town Metro
178,EPI_ISL_6842166,2021-11-20,2021-11-29,Africa / South Africa / Western Cape Province / Cape Town Metro,Africa,South Africa,Western Cape Province,Cape Town Metro
179,EPI_ISL_6842167,2021-11-23,2021-11-29,Africa / South Africa / Western Cape Province / Cape Town Metro,Africa,South Africa,Western Cape Province,Cape Town Metro
180,EPI_ISL_6851526,2021-11-28,2021-11-29,Europe / Spain / Madrid,Europe,Spain,Madrid,
181,EPI_ISL_6854346,2021-11-28,2021-11-29,Europe / Italy / Campania,Europe,Italy,Campania,
182,EPI_ISL_6854347,2021-11-28,2021-11-29,Europe / Italy / Campania,Europe,Italy,Campania,
183,EPI_ISL_6854348,2021-11-28,2021-11-29,Europe / Italy / Campania,Europe,Italy,Campania,
184,EPI_ISL_6862005,2021-11-26,2021-11-29,Europe / Czech Republic / Liberec Region / Rynoltice,Europe,Czech Republic,Liberec Region,Rynoltice
185,EPI_ISL_6862897,2021-11-22,2021-11-29,Africa / Reunion,Africa,Reunion,,
186,EPI_ISL_6864915,2021-11-28,2021-11-30,Oceania / Australia / New South Wales / Sydney,Oceania,Australia,New South Wales,Sydney
187,EPI_ISL_6869226,2021-11-23,2021-11-30,Europe / United Kingdom / Scotland,Europe,United Kingdom,Scotland,
188,EPI_ISL_6869363,2021-11-23,2021-11-30,Europe / United Kingdom / Scotland,Europe,United Kingdom,Scotland,
189,EPI_ISL_6869407,2021-11-23,2021-11-30,Europe / United Kingdom / Scotland,Europe,United Kingdom,Scotland,
190,EPI_ISL_6869556,2021-11-23,2021-11-30,Europe / United Kingdom / Scotland,Europe,United Kingdom,Scotland,
191,EPI_ISL_6873612,2021-11-23,2021-11-30,Europe / United Kingdom / Scotland,Europe,United Kingdom,Scotland,
192,EPI_ISL_6883250,2021-11-19,2021-11-30,Europe / Sweden / Skane,Europe,Sweden,Skane,
193,EPI_ISL_6886593,2021-11-27,2021-11-30,Europe / Germany / Bavaria / Munich,Europe,Germany,Bavaria,Munich
194,EPI_ISL_6886594,2021-11-27,2021-11-30,Europe / Germany / Bavaria / Munich,Europe,Germany,Bavaria,Munich
195,EPI_ISL_6886595,2021-11-26,2021-11-30,Europe / Germany / Bavaria / Munich,Europe,Germany,Bavaria,Munich
196,EPI_ISL_6886596,2021-11-26,2021-11-30,Europe / Germany / Bavaria / Munich,Europe,Germany,Bavaria,Munich
197,EPI_ISL_6891760,2021-11-26,2021-11-30,Europe / Austria / Lower Austria,Europe,Austria,Lower Austria,
198,EPI_ISL_6892613,2021-11-27,2021-11-30,Europe / Portugal,Europe,Portugal,,
199,EPI_ISL_6892620,2021-11-27,2021-11-30,Europe / Portugal,Europe,Portugal,,
200,EPI_ISL_6892631,2021-11-27,2021-11-30,Europe / Portugal,Europe,Portugal,,
201,EPI_ISL_6892639,2021-11-27,2021-11-30,Europe / Portugal,Europe,Portugal,,
202,EPI_ISL_6892644,2021-11-27,2021-11-30,Europe / Portugal,Europe,Portugal,,
203,EPI_ISL_6892650,2021-11-27,2021-11-30,Europe / Portugal,Europe,Portugal,,
204,EPI_ISL_6892653,2021-11-27,2021-11-30,Europe / Portugal,Europe,Portugal,,
205,EPI_ISL_6892659,2021-11-27,2021-11-30,Europe / Portugal,Europe,Portugal,,
206,EPI_ISL_6892661,2021-11-27,2021-11-30,Europe / Portugal,Europe,Portugal,,
207,EPI_ISL_6892665,2021-11-27,2021-11-30,Europe / Portugal,Europe,Portugal,,
208,EPI_ISL_6892674,2021-11-27,2021-11-30,Europe / Portugal,Europe,Portugal,,
209,EPI_ISL_6892683,2021-11-27,2021-11-30,Europe / Portugal,Europe,Portugal,,
210,EPI_ISL_6892693,2021-11-27,2021-11-30,Europe / Portugal,Europe,Portugal,,
211,EPI_ISL_6900139,2021-11-10,2021-11-30,Africa / South Africa / Gauteng,Africa,South Africa,Gauteng,
212,EPI_ISL_6900141,2021-11-11,2021-11-30,Africa / South Africa / Gauteng,Africa,South Africa,Gauteng,
213,EPI_ISL_6900142,2021-11-10,2021-11-30,Africa / South Africa / Gauteng,Africa,South Africa,Gauteng,
214,EPI_ISL_6900143,2021-11-09,2021-11-30,Africa / South Africa / Gauteng,Africa,South Africa,Gauteng,
215,EPI_ISL_6901960,2021-11-25,2021-11-30,South America / Brazil / Sao Paulo,South America,Brazil,Sao Paulo,
216,EPI_ISL_6901961,2021-11-25,2021-11-30,South America / Brazil / Sao Paulo,South America,Brazil,Sao Paulo,
217,EPI_ISL_6902052,2021-11-28,2021-11-30,Europe / Austria / Tyrol / Schwaz / Vomp,Europe,Austria,Tyrol,Schwaz
218,EPI_ISL_6902053,2021-11-28,2021-11-30,Europe / Austria / Tyrol / Schwaz / Vomp,Europe,Austria,Tyrol,Schwaz
219,EPI_ISL_6902675,2021-11-30,2021-11-30,Europe / Spain / Madrid,Europe,Spain,Madrid,
220,EPI_ISL_6913917,2021-11-27,2021-12-01,South America / Brazil / Sao Paulo / Guarulhos,South America,Brazil,Sao Paulo,Guarulhos
221,EPI_ISL_6913953,2021-11-28,2021-12-01,Asia / Japan,Asia,Japan,,
222,EPI_ISL_6913991,2021-11-09,2021-12-01,Africa / South Africa / Gauteng,Africa,South Africa,Gauteng,
223,EPI_ISL_6913992,2021-11-10,2021-12-01,Africa / South Africa / Gauteng,Africa,South Africa,Gauteng,
224,EPI_ISL_6913993,2021-11-10,2021-12-01,Africa / South Africa / Gauteng,Africa,South Africa,Gauteng,
225,EPI_ISL_6913994,2021-11-10,2021-12-01,Africa / South Africa / Gauteng,Africa,South Africa,Gauteng,
226,EPI_ISL_6913995,2021-11-08,2021-12-01,Africa / South Africa / Gauteng,Africa,South Africa,Gauteng,
227,EPI_ISL_6913996,2021-11-15,2021-12-01,Africa / South Africa / Gauteng,Africa,South Africa,Gauteng,
228,EPI_ISL_6913997,2021-11-15,2021-12-01,Africa / South Africa / Gauteng,Africa,South Africa,Gauteng,
229,EPI_ISL_6913998,2021-11-15,2021-12-01,Africa / South Africa / Gauteng,Africa,South Africa,Gauteng,
230,EPI_ISL_6913999,2021-11-15,2021-12-01,Africa / South Africa / Gauteng,Africa,South Africa,Gauteng,
231,EPI_ISL_6914000,2021-11-16,2021-12-01,Africa / South Africa / Gauteng,Africa,South Africa,Gauteng,
232,EPI_ISL_6914001,2021-11-16,2021-12-01,Africa / South Africa / Gauteng,Africa,South Africa,Gauteng,
233,EPI_ISL_6914002,2021-11-16,2021-12-01,Africa / South Africa / Gauteng,Africa,South Africa,Gauteng,
234,EPI_ISL_6914003,2021-11-16,2021-12-01,Africa / South Africa / Gauteng,Africa,South Africa,Gauteng,
235,EPI_ISL_6914004,2021-11-16,2021-12-01,Africa / South Africa / Gauteng,Africa,South Africa,Gauteng,
236,EPI_ISL_6914005,2021-11-16,2021-12-01,Africa / South Africa / Gauteng,Africa,South Africa,Gauteng,
237,EPI_ISL_6914006,2021-11-16,2021-12-01,Africa / South Africa / Gauteng,Africa,South Africa,Gauteng,
238,EPI_ISL_6914007,2021-11-15,2021-12-01,Africa / South Africa / Gauteng,Africa,South Africa,Gauteng,
239,EPI_ISL_6914011,2021-11-17,2021-12-01,Africa / South Africa / Gauteng,Africa,South Africa,Gauteng,
240,EPI_ISL_6914012,2021-11-18,2021-12-01,Africa / South Africa / Gauteng,Africa,South Africa,Gauteng,
241,EPI_ISL_6914013,2021-11-18,2021-12-01,Africa / South Africa / Gauteng,Africa,South Africa,Gauteng,
242,EPI_ISL_6914014,2021-11-17,2021-12-01,Africa / South Africa / Mpumalanga,Africa,South Africa,Mpumalanga,
243,EPI_ISL_6914015,2021-11-17,2021-12-01,Africa / South Africa / Gauteng,Africa,South Africa,Gauteng,
244,EPI_ISL_6914016,2021-11-18,2021-12-01,Africa / South Africa / Gauteng,Africa,South Africa,Gauteng,
245,EPI_ISL_6914017,2021-11-17,2021-12-01,Africa / South Africa / Gauteng,Africa,South Africa,Gauteng,
246,EPI_ISL_6914018,2021-11-18,2021-12-01,Africa / South Africa / Gauteng,Africa,South Africa,Gauteng,
247,EPI_ISL_6914019,2021-11-17,2021-12-01,Africa / South Africa / Eastern Cape,Africa,South Africa,Eastern Cape,
248,EPI_ISL_6914020,2021-11-17,2021-12-01,Africa / South Africa / Gauteng,Africa,South Africa,Gauteng,
249,EPI_ISL_6914021,2021-11-18,2021-12-01,Africa / South Africa / Gauteng,Africa,South Africa,Gauteng,
250,EPI_ISL_6914022,2021-11-17,2021-12-01,Africa / South Africa / Gauteng,Africa,South Africa,Gauteng,
251,EPI_ISL_6914023,2021-11-16,2021-12-01,Africa / South Africa / Gauteng,Africa,South Africa,Gauteng,
252,EPI_ISL_6914024,2021-11-16,2021-12-01,Africa / South Africa / Gauteng,Africa,South Africa,Gauteng,
253,EPI_ISL_6914025,2021-11-16,2021-12-01,Africa / South Africa / Gauteng,Africa,South Africa,Gauteng,
254,EPI_ISL_6914026,2021-11-17,2021-12-01,Africa / South Africa / Gauteng,Africa,South Africa,Gauteng,
255,EPI_ISL_6914027,2021-11-17,2021-12-01,Africa / South Africa / Gauteng,Africa,South Africa,Gauteng,
256,EPI_ISL_6914028,2021-11-16,2021-12-01,Africa / South Africa / Mpumalanga,Africa,South Africa,Mpumalanga,
257,EPI_ISL_6914029,2021-11-17,2021-12-01,Africa / South Africa / Gauteng,Africa,South Africa,Gauteng,
258,EPI_ISL_6914030,2021-11-17,2021-12-01,Africa / South Africa / Gauteng,Africa,South Africa,Gauteng,
259,EPI_ISL_6914031,2021-11-17,2021-12-01,Africa / South Africa / Gauteng,Africa,South Africa,Gauteng,
260,EPI_ISL_6914032,2021-11-17,2021-12-01,Africa / South Africa / Gauteng,Africa,South Africa,Gauteng,
261,EPI_ISL_6914033,2021-11-18,2021-12-01,Africa / South Africa / Gauteng,Africa,South Africa,Gauteng,
262,EPI_ISL_6914034,2021-11-18,2021-12-01,Africa / South Africa / Gauteng,Africa,South Africa,Gauteng,
263,EPI_ISL_6914035,2021-11-18,2021-12-01,Africa / South Africa / Western Cape,Africa,South Africa,Western Cape,
264,EPI_ISL_6914036,2021-11-19,2021-12-01,Africa / South Africa / Gauteng,Africa,South Africa,Gauteng,
265,EPI_ISL_6914908,2021-11-27,2021-12-01,Asia / Japan,Asia,Japan,,
266,EPI_ISL_6915964,2021-11-25,2021-12-01,Europe / United Kingdom / England,Europe,United Kingdom,England,
267,EPI_ISL_6916148,2021-11-24,2021-12-01,Europe / United Kingdom / England,Europe,United Kingdom,England,
268,EPI_ISL_6919027,2021-11-25,2021-12-01,Europe / United Kingdom / England,Europe,United Kingdom,England,
269,EPI_ISL_6920174,2021-11-25,2021-12-01,Europe / United Kingdom / Scotland,Europe,United Kingdom,Scotland,
270,EPI_ISL_6920616,2021-11-25,2021-12-01,Europe / United Kingdom / England,Europe,United Kingdom,England,
271,EPI_ISL_6923186,2021-11-24,2021-12-01,Europe / United Kingdom / England,Europe,United Kingdom,England,
272,EPI_ISL_6926451,2021-11-23,2021-12-01,Europe / United Kingdom / Scotland,Europe,United Kingdom,Scotland,
273,EPI_ISL_6926743,2021-11-23,2021-12-01,Europe / United Kingdom / Scotland,Europe,United Kingdom,Scotland,
274,EPI_ISL_6927893,2021-11-24,2021-12-01,Europe / United Kingdom / Scotland,Europe,United Kingdom,Scotland,
275,EPI_ISL_6929785,2021-11-29,2021-12-01,Europe / Belgium / Sint-Agatha-Berchem,Europe,Belgium,Sint-Agatha-Berchem,
276,EPI_ISL_6939033,2021-11-25,2021-12-01,Africa / Ghana / Accra,Africa,Ghana,Accra,
277,EPI_ISL_6939034,2021-11-25,2021-12-01,Africa / Ghana / Accra,Africa,Ghana,Accra,
278,EPI_ISL_6939035,2021-11-25,2021-12-01,Africa / Ghana / Accra,Africa,Ghana,Accra,
279,EPI_ISL_6939036,2021-11-26,2021-12-01,Africa / Ghana / Accra,Africa,Ghana,Accra,
280,EPI_ISL_6939038,2021-11-24,2021-12-01,Africa / Ghana / Accra,Africa,Ghana,Accra,
281,EPI_ISL_6939039,2021-11-25,2021-12-01,Africa / Ghana / Accra,Africa,Ghana,Accra,
282,EPI_ISL_6939041,2021-11-24,2021-12-01,Africa / Ghana / Accra,Africa,Ghana,Accra,
283,EPI_ISL_6939042,2021-11-25,2021-12-01,Africa / Ghana / Accra,Africa,Ghana,Accra,
284,EPI_ISL_6939043,2021-11-25,2021-12-01,Africa / Ghana / Accra,Africa,Ghana,Accra,
285,EPI_ISL_6939044,2021-11-25,2021-12-01,Africa / Ghana / Accra,Africa,Ghana,Accra,
286,EPI_ISL_6939045,2021-11-25,2021-12-01,Africa / Ghana / Accra,Africa,Ghana,Accra,
287,EPI_ISL_6939046,2021-11-26,2021-12-01,Africa / Ghana / Accra,Africa,Ghana,Accra,
288,EPI_ISL_6939047,2021-11-24,2021-12-01,Africa / Ghana / Accra,Africa,Ghana,Accra,
289,EPI_ISL_6939048,2021-11-24,2021-12-01,Africa / Ghana / Accra,Africa,Ghana,Accra,
290,EPI_ISL_6939049,2021-11-25,2021-12-01,Africa / Ghana / Accra,Africa,Ghana,Accra,
291,EPI_ISL_6939050,2021-11-25,2021-12-01,Africa / Ghana / Accra,Africa,Ghana,Accra,
292,EPI_ISL_6939051,2021-11-24,2021-12-01,Africa / Ghana / Accra,Africa,Ghana,Accra,
293,EPI_ISL_6939052,2021-11-25,2021-12-01,Africa / Ghana / Accra,Africa,Ghana,Accra,
294,EPI_ISL_6939053,2021-11-24,2021-12-01,Africa / Ghana / Accra,Africa,Ghana,Accra,
295,EPI_ISL_6939054,2021-11-25,2021-12-01,Africa / Ghana / Accra,Africa,Ghana,Accra,
296,EPI_ISL_6939056,2021-11-25,2021-12-01,Africa / Ghana / Accra,Africa,Ghana,Accra,
297,EPI_ISL_6939057,2021-11-25,2021-12-01,Africa / Ghana / Accra,Africa,Ghana,Accra,
298,EPI_ISL_6939058,2021-11-24,2021-12-01,Africa / Ghana / Accra,Africa,Ghana,Accra,
299,EPI_ISL_6939059,2021-11-23,2021-12-01,Africa / Ghana / Accra,Africa,Ghana,Accra,
300,EPI_ISL_6939060,2021-11-23,2021-12-01,Africa / Ghana / Accra,Africa,Ghana,Accra,
301,EPI_ISL_6939061,2021-11-24,2021-12-01,Africa / Ghana / Accra,Africa,Ghana,Accra,
302,EPI_ISL_6939062,2021-11-24,2021-12-01,Africa / Ghana / Accra,Africa,Ghana,Accra,
303,EPI_ISL_6939063,2021-11-24,2021-12-01,Africa / Ghana / Accra,Africa,Ghana,Accra,
304,EPI_ISL_6939064,2021-11-24,2021-12-01,Africa / Ghana / Accra,Africa,Ghana,Accra,
305,EPI_ISL_6939065,2021-11-25,2021-12-01,Africa / Ghana / Accra,Africa,Ghana,Accra,
306,EPI_ISL_6939066,2021-11-21,2021-12-01,Africa / Ghana / Accra,Africa,Ghana,Accra,
307,EPI_ISL_6939067,2021-11-25,2021-12-01,Africa / Ghana / Accra,Africa,Ghana,Accra,
308,EPI_ISL_6939068,2021-11-24,2021-12-01,Africa / Ghana / Accra,Africa,Ghana,Accra,
309,EPI_ISL_6939819,2021-11-25,2021-12-01,Europe / Ireland / Meath,Europe,Ireland,Meath,
310,EPI_ISL_6949582,2021-11-23,2021-12-01,North America / Canada / Alberta,North America,Canada,Alberta,
311,EPI_ISL_6951145,2021-11-28,2021-12-02,North America / USA / California / San Francisco County,North America,USA,California,San Francisco County
312,EPI_ISL_6956011,2021-11-30,2021-12-02,Oceania / Australia / New South Wales / Sydney,Oceania,Australia,New South Wales,Sydney
313,EPI_ISL_6956014,2021-11-27,2021-12-02,Oceania / Australia / New South Wales / Sydney,Oceania,Australia,New South Wales,Sydney
314,EPI_ISL_6958280,2021-11-27,2021-12-02,Asia / Hong Kong,Asia,Hong Kong,,
315,EPI_ISL_6958955,2021-12-01,2021-12-02,Oceania / Australia / New South Wales / Sydney,Oceania,Australia,New South Wales,Sydney
316,EPI_ISL_6959868,2021-11-28,2021-12-02,Europe / Germany / Hesse,Europe,Germany,Hesse,
317,EPI_ISL_6959869,2021-11-28,2021-12-02,Europe / Germany / Hesse,Europe,Germany,Hesse,
318,EPI_ISL_6959870,2021-11-28,2021-12-02,Europe / Germany / Hesse,Europe,Germany,Hesse,
319,EPI_ISL_6959871,2021-11-28,2021-12-02,Europe / Germany / Hesse,Europe,Germany,Hesse,
320,EPI_ISL_6959872,2021-11-28,2021-12-02,Europe / Germany / Hesse,Europe,Germany,Hesse,
321,EPI_ISL_6959873,2021-11-28,2021-12-02,Europe / Germany / Hesse,Europe,Germany,Hesse,
322,EPI_ISL_6959874,2021-11-28,2021-12-02,Europe / Germany / Hesse,Europe,Germany,Hesse,
323,EPI_ISL_6959926,2021-11-24,2021-12-02,Asia / South Korea,Asia,South Korea,,
324,EPI_ISL_6959935,2021-11-25,2021-12-02,Asia / South Korea,Asia,South Korea,,
325,EPI_ISL_6959993,2021-11-29,2021-12-02,Asia / South Korea,Asia,South Korea,,
326,EPI_ISL_6963002,2021-11-26,2021-12-02,Europe / France / Auvergne-Rhone-Alpes / Thonon les bains,Europe,France,Auvergne-Rhone-Alpes,Thonon les bains
327,EPI_ISL_6963509,2021-11-22,2021-12-02,Asia / India / Karnataka,Asia,India,Karnataka,
328,EPI_ISL_6963510,2021-11-20,2021-12-02,Asia / India / Karnataka,Asia,India,Karnataka,
329,EPI_ISL_6971091,2021-11-28,2021-12-02,Europe / France / Pays de loire / La roche sur yon,Europe,France,Pays de loire,La roche sur yon
330,EPI_ISL_6971472,2021-11-26,2021-12-02,Europe / Switzerland / Zurich,Europe,Switzerland,Zurich,
331,EPI_ISL_6971572,2021-11-27,2021-12-02,Europe / Norway / Oslo,Europe,Norway,Oslo,
332,EPI_ISL_6971860,2021-12-01,2021-12-02,Europe / Spain / Madrid,Europe,Spain,Madrid,
333,EPI_ISL_6972689,2021-11-27,2021-12-02,Europe / Austria / Vienna,Europe,Austria,Vienna,
334,EPI_ISL_6980876,2021-11-29,2021-12-02,Africa / Reunion,Africa,Reunion,,
335,EPI_ISL_6989155,2021-11-29,2021-12-02,Europe / Norway / Oslo,Europe,Norway,Oslo,
336,EPI_ISL_6989250,2021-11-29,2021-12-02,Europe / Belgium / Sint-Pieters-Leeuw,Europe,Belgium,Sint-Pieters-Leeuw,
337,EPI_ISL_6989662,2021-11-24,2021-12-02,North America / USA / Minnesota,North America,USA,Minnesota,
338,EPI_ISL_6989667,2021-11-24,2021-12-02,North America / Canada / Ontario,North America,Canada,Ontario,
339,EPI_ISL_7010485,2021-11-30,2021-12-02,North America / USA / Colorado,North America,USA,Colorado,
340,EPI_ISL_7011321,2021-12-01,2021-12-03,Oceania / Australia / New South Wales / Sydney,Oceania,Australia,New South Wales,Sydney
341,EPI_ISL_7013425,2021-11-27,2021-12-03,North America / USA / Hawaii / Honolulu County,North America,USA,Hawaii,Honolulu County
342,EPI_ISL_7015154,2021-11-24,2021-12-03,North America / Canada / Quebec,North America,Canada,Quebec,
343,EPI_ISL_7015172,2021-11-17,2021-12-03,Africa / South Africa / Gauteng,Africa,South Africa,Gauteng,
344,EPI_ISL_7015173,2021-11-17,2021-12-03,Africa / South Africa / Gauteng,Africa,South Africa,Gauteng,
345,EPI_ISL_7015174,2021-11-17,2021-12-03,Africa / South Africa / Gauteng,Africa,South Africa,Gauteng,
346,EPI_ISL_7015175,2021-11-17,2021-12-03,Africa / South Africa / Gauteng,Africa,South Africa,Gauteng,
347,EPI_ISL_7015176,2021-11-17,2021-12-03,Africa / South Africa / Gauteng,Africa,South Africa,Gauteng,
348,EPI_ISL_7015177,2021-11-17,2021-12-03,Africa / South Africa / Gauteng,Africa,South Africa,Gauteng,
349,EPI_ISL_7015178,2021-11-17,2021-12-03,Africa / South Africa / Gauteng,Africa,South Africa,Gauteng,
350,EPI_ISL_7015179,2021-11-17,2021-12-03,Africa / South Africa / Gauteng,Africa,South Africa,Gauteng,
351,EPI_ISL_7015180,2021-11-17,2021-12-03,Africa / South Africa / Gauteng,Africa,South Africa,Gauteng,
352,EPI_ISL_7015181,2021-11-17,2021-12-03,Africa / South Africa / Gauteng,Africa,South Africa,Gauteng,
353,EPI_ISL_7015182,2021-11-17,2021-12-03,Africa / South Africa / Gauteng,Africa,South Africa,Gauteng,
354,EPI_ISL_7015183,2021-11-17,2021-12-03,Africa / South Africa / Gauteng,Africa,South Africa,Gauteng,
355,EPI_ISL_7015184,2021-11-17,2021-12-03,Africa / South Africa / Gauteng,Africa,South Africa,Gauteng,
356,EPI_ISL_7015185,2021-11-17,2021-12-03,Africa / South Africa / Gauteng,Africa,South Africa,Gauteng,
357,EPI_ISL_7015186,2021-11-17,2021-12-03,Africa / South Africa / Gauteng,Africa,South Africa,Gauteng,
358,EPI_ISL_7015187,2021-11-17,2021-12-03,Africa / South Africa / Gauteng,Africa,South Africa,Gauteng,
359,EPI_ISL_7015188,2021-11-17,2021-12-03,Africa / South Africa / Gauteng,Africa,South Africa,Gauteng,
360,EPI_ISL_7015189,2021-11-17,2021-12-03,Africa / South Africa / Gauteng,Africa,South Africa,Gauteng,
361,EPI_ISL_7015190,2021-11-16,2021-12-03,Africa / South Africa / Gauteng,Africa,South Africa,Gauteng,
362,EPI_ISL_7015191,2021-11-16,2021-12-03,Africa / South Africa / Gauteng,Africa,South Africa,Gauteng,
363,EPI_ISL_7015192,2021-11-16,2021-12-03,Africa / South Africa / Gauteng,Africa,South Africa,Gauteng,
364,EPI_ISL_7015193,2021-11-16,2021-12-03,Africa / South Africa / Gauteng,Africa,South Africa,Gauteng,
365,EPI_ISL_7015194,2021-11-16,2021-12-03,Africa / South Africa / Gauteng,Africa,South Africa,Gauteng,
366,EPI_ISL_7015195,2021-11-16,2021-12-03,Africa / South Africa / Gauteng,Africa,South Africa,Gauteng,
367,EPI_ISL_7015196,2021-11-16,2021-12-03,Africa / South Africa / Gauteng,Africa,South Africa,Gauteng,
368,EPI_ISL_7015197,2021-11-16,2021-12-03,Africa / South Africa / Gauteng,Africa,South Africa,Gauteng,
369,EPI_ISL_7015198,2021-11-16,2021-12-03,Africa / South Africa / Gauteng,Africa,South Africa,Gauteng,
370,EPI_ISL_7015199,2021-11-16,2021-12-03,Africa / South Africa / Gauteng,Africa,South Africa,Gauteng,
371,EPI_ISL_7015200,2021-11-16,2021-12-03,Africa / South Africa / Gauteng,Africa,South Africa,Gauteng,
372,EPI_ISL_7015201,2021-11-16,2021-12-03,Africa / South Africa / Gauteng,Africa,South Africa,Gauteng,
373,EPI_ISL_7015202,2021-11-16,2021-12-03,Africa / South Africa / Gauteng,Africa,South Africa,Gauteng,
374,EPI_ISL_7015203,2021-11-16,2021-12-03,Africa / South Africa / Gauteng,Africa,South Africa,Gauteng,
375,EPI_ISL_7015204,2021-11-16,2021-12-03,Africa / South Africa / Gauteng,Africa,South Africa,Gauteng,
376,EPI_ISL_7015205,2021-11-16,2021-12-03,Africa / South Africa / Gauteng,Africa,South Africa,Gauteng,
377,EPI_ISL_7015206,2021-11-16,2021-12-03,Africa / South Africa / Gauteng,Africa,South Africa,Gauteng,
378,EPI_ISL_7015207,2021-11-14,2021-12-03,Africa / South Africa / Gauteng,Africa,South Africa,Gauteng,
379,EPI_ISL_7015208,2021-11-13,2021-12-03,Africa / South Africa / Gauteng,Africa,South Africa,Gauteng,
380,EPI_ISL_7015210,2021-11-24,2021-12-03,Africa / South Africa / KwaZulu-Natal,Africa,South Africa,KwaZulu-Natal,
381,EPI_ISL_7015212,2021-11-24,2021-12-03,Africa / South Africa / KwaZulu-Natal,Africa,South Africa,KwaZulu-Natal,
382,EPI_ISL_7015216,2021-11-24,2021-12-03,Africa / South Africa / KwaZulu-Natal,Africa,South Africa,KwaZulu-Natal,
383,EPI_ISL_7015223,2021-11-24,2021-12-03,Africa / South Africa / KwaZulu-Natal,Africa,South Africa,KwaZulu-Natal,
384,EPI_ISL_7015224,2021-11-25,2021-12-03,Africa / South Africa / KwaZulu-Natal,Africa,South Africa,KwaZulu-Natal,
385,EPI_ISL_7015226,2021-11-27,2021-12-03,Africa / South Africa / KwaZulu-Natal,Africa,South Africa,KwaZulu-Natal,
386,EPI_ISL_7015229,2021-11-27,2021-12-03,Africa / South Africa / KwaZulu-Natal,Africa,South Africa,KwaZulu-Natal,
387,EPI_ISL_7015230,2021-11-25,2021-12-03,Africa / South Africa / KwaZulu-Natal,Africa,South Africa,KwaZulu-Natal,
388,EPI_ISL_7016910,2021-12-02,2021-12-03,Oceania / Australia / Australian Capital Territory,Oceania,Australia,Australian Capital Territory,
389,EPI_ISL_7019047,2021-12-01,2021-12-03,Europe / Germany / Berlin / Berlin,Europe,Germany,Berlin,Berlin
390,EPI_ISL_7019951,2021-11-26,2021-12-03,Europe / United Kingdom / Scotland,Europe,United Kingdom,Scotland,
391,EPI_ISL_7021517,2021-11-20,2021-12-03,Europe / Belgium / Wallonie / Hainaut / Enghien,Europe,Belgium,Wallonie,Hainaut
392,EPI_ISL_7022011,2021-11-26,2021-12-03,Europe / United Kingdom / Scotland,Europe,United Kingdom,Scotland,
393,EPI_ISL_7022755,2021-11-26,2021-12-03,Europe / United Kingdom / England,Europe,United Kingdom,England,
394,EPI_ISL_7023187,2021-11-26,2021-12-03,Europe / United Kingdom / England,Europe,United Kingdom,England,
395,EPI_ISL_7023265,2021-11-26,2021-12-03,Europe / United Kingdom / England,Europe,United Kingdom,England,
396,EPI_ISL_7023667,2021-11-27,2021-12-03,Europe / United Kingdom / England,Europe,United Kingdom,England,
397,EPI_ISL_7023675,2021-11-27,2021-12-03,Europe / United Kingdom / England,Europe,United Kingdom,England,
398,EPI_ISL_7023683,2021-11-27,2021-12-03,Europe / United Kingdom / England,Europe,United Kingdom,England,
399,EPI_ISL_7023724,2021-11-26,2021-12-03,Europe / United Kingdom / England,Europe,United Kingdom,England,
400,EPI_ISL_7023726,2021-11-27,2021-12-03,Europe / United Kingdom / England,Europe,United Kingdom,England,
401,EPI_ISL_7023789,2021-11-27,2021-12-03,Europe / United Kingdom / England,Europe,United Kingdom,England,
402,EPI_ISL_7023867,2021-11-27,2021-12-03,Europe / United Kingdom / England,Europe,United Kingdom,England,
403,EPI_ISL_7024334,2021-11-27,2021-12-03,Europe / United Kingdom / England,Europe,United Kingdom,England,
404,EPI_ISL_7024438,2021-11-27,2021-12-03,Europe / United Kingdom / England,Europe,United Kingdom,England,
405,EPI_ISL_7024495,2021-11-27,2021-12-03,Europe / United Kingdom / England,Europe,United Kingdom,England,
406,EPI_ISL_7024659,2021-11-27,2021-12-03,Europe / United Kingdom / England,Europe,United Kingdom,England,
407,EPI_ISL_7024687,2021-11-27,2021-12-03,Europe / United Kingdom / England,Europe,United Kingdom,England,
408,EPI_ISL_7024839,2021-11-27,2021-12-03,Europe / United Kingdom / England,Europe,United Kingdom,England,
409,EPI_ISL_7024991,2021-11-27,2021-12-03,Europe / United Kingdom / England,Europe,United Kingdom,England,
410,EPI_ISL_7025373,2021-11-27,2021-12-03,Europe / United Kingdom / England,Europe,United Kingdom,England,
411,EPI_ISL_7026085,2021-11-26,2021-12-03,Europe / United Kingdom / England,Europe,United Kingdom,England,
412,EPI_ISL_7026396,2021-11-26,2021-12-03,Europe / United Kingdom / England,Europe,United Kingdom,England,
413,EPI_ISL_7026536,2021-11-26,2021-12-03,Europe / United Kingdom / England,Europe,United Kingdom,England,
414,EPI_ISL_7026616,2021-11-26,2021-12-03,Europe / United Kingdom / England,Europe,United Kingdom,England,
415,EPI_ISL_7026695,2021-11-25,2021-12-03,Europe / United Kingdom / England,Europe,United Kingdom,England,
416,EPI_ISL_7026716,2021-11-26,2021-12-03,Europe / United Kingdom / England,Europe,United Kingdom,England,
417,EPI_ISL_7026777,2021-11-26,2021-12-03,Europe / United Kingdom / England,Europe,United Kingdom,England,
418,EPI_ISL_7026952,2021-11-26,2021-12-03,Europe / United Kingdom / England,Europe,United Kingdom,England,
419,EPI_ISL_7027157,2021-11-26,2021-12-03,Europe / United Kingdom / Scotland,Europe,United Kingdom,Scotland,
420,EPI_ISL_7027809,2021-11-26,2021-12-03,Europe / United Kingdom / Scotland,Europe,United Kingdom,Scotland,
421,EPI_ISL_7028268,2021-11-26,2021-12-03,Europe / United Kingdom / England,Europe,United Kingdom,England,
422,EPI_ISL_7028487,2021-11-26,2021-12-03,Europe / United Kingdom / England,Europe,United Kingdom,England,
423,EPI_ISL_7029353,2021-11-25,2021-12-03,Europe / United Kingdom / England,Europe,United Kingdom,England,
424,EPI_ISL_7029582,2021-11-25,2021-12-03,Europe / United Kingdom / Scotland,Europe,United Kingdom,Scotland,
425,EPI_ISL_7031141,2021-11-26,2021-12-03,Europe / United Kingdom / Scotland,Europe,United Kingdom,Scotland,
426,EPI_ISL_7031412,2021-11-26,2021-12-03,Europe / United Kingdom / Scotland,Europe,United Kingdom,Scotland,
427,EPI_ISL_7033208,2021-11-26,2021-12-03,Europe / United Kingdom / England,Europe,United Kingdom,England,
428,EPI_ISL_7035922,2021-11-26,2021-12-03,Europe / United Kingdom / Scotland,Europe,United Kingdom,Scotland,
429,EPI_ISL_7036426,2021-11-26,2021-12-03,Europe / United Kingdom / Scotland,Europe,United Kingdom,Scotland,
430,EPI_ISL_7037264,2021-11-26,2021-12-03,Europe / United Kingdom / England,Europe,United Kingdom,England,
431,EPI_ISL_7040235,2021-11-27,2021-12-03,Europe / Norway / Oslo,Europe,Norway,Oslo,
432,EPI_ISL_7042161,2021-11-22,2021-12-03,Europe / Switzerland / BS,Europe,Switzerland,BS,
433,EPI_ISL_7042168,2021-11-22,2021-12-03,Europe / Switzerland / BS,Europe,Switzerland,BS,
434,EPI_ISL_7042252,2021-12-02,2021-12-03,Europe / Spain / Madrid,Europe,Spain,Madrid,
435,EPI_ISL_7042354,2021-11-26,2021-12-03,Europe / Switzerland / BS,Europe,Switzerland,BS,
436,EPI_ISL_7042669,2021-11-30,2021-12-03,Europe / Belgium / Liege,Europe,Belgium,Liege,
437,EPI_ISL_7045214,2021-11-29,2021-12-03,Europe / Spain / Catalunya,Europe,Spain,Catalunya,
438,EPI_ISL_7050911,2021-11-30,2021-12-03,Europe / Spain / Catalunya,Europe,Spain,Catalunya,
439,EPI_ISL_7050918,2021-11-30,2021-12-03,Europe / Spain / Catalunya,Europe,Spain,Catalunya,
440,EPI_ISL_7056045,2021-11-28,2021-12-03,Asia / Israel,Asia,Israel,,
441,EPI_ISL_7056614,2021-11-27,2021-12-03,Asia / Israel,Asia,Israel,,
442,EPI_ISL_7062087,2021-11-23,2021-12-03,Europe / Denmark / Midtjylland,Europe,Denmark,Midtjylland,
443,EPI_ISL_7062525,2021-11-28,2021-12-03,Europe / Switzerland / Bern,Europe,Switzerland,Bern,
444,EPI_ISL_7062590,2021-11-26,2021-12-03,Europe / Switzerland / BS,Europe,Switzerland,BS,
445,EPI_ISL_7063588,2021-11-26,2021-12-03,Europe / Denmark / Hovedstaden,Europe,Denmark,Hovedstaden,
446,EPI_ISL_7063764,2021-11-29,2021-12-03,Europe / Belgium / Hainaut,Europe,Belgium,Hainaut,
447,EPI_ISL_7074135,2021-11-24,2021-12-03,Europe / Luxembourg / Weiswampach,Europe,Luxembourg,Weiswampach,
